[
    {
        "title": "The Godfather",
        "director": "Francis Ford Coppola",
        "year": 1972,
        "genres": [
            "Crime",
            "Drama"
        ]
    },
    {
        "title": "The Shawshank Redemption",
        "director": "Frank Darabont",
        "year": 1994,
        "genres": [
            "Drama"
        ]
    },
    {
        "title": "Schindler's List",
        "director": "Steven Spielberg",
        "year": 1993,
        "genres": [
            "Biography",
            "Drama",
            "History"
        ]
    },
    {
        "title": "Pulp Fiction",
        "director": "Quentin Tarantino",
        "year": 1994,
        "genres": [
            "Crime",
            "Drama"
        ]
    },
    {
        "title": "The Dark Knight",
        "director": "Christopher Nolan",
        "year": 2008,
        "genres": [
            "Action",
            "Crime",
            "Drama"
        ]
    },
    {
        "title": "Forrest Gump",
        "director": "Robert Zemeckis",
        "year": 1994,
        "genres": [
            "Drama",
            "Romance"
        ]
    },
    {
        "title": "Inception",
        "director": "Christopher Nolan",
        "year": 2010,
        "genres": [
            "Action",
            "Sci-Fi",
            "Thriller"
        ]
    },
    {
        "title": "Fight Club",
        "director": "David Fincher",
        "year": 1999,
        "genres": [
            "Drama"
        ]
    },
    {
        "title": "The Matrix",
        "director": "The Wachowskis",
        "year": 1999,
        "genres": [
            "Action",
            "Sci-Fi"
        ]
    },
    {
        "title": "The Lord of the Rings: The Return of the King",
        "director": "Peter Jackson",
        "year": 2003,
        "genres": [
            "Action",
            "Adventure",
            "Drama"
        ]
    }
]